kernel,grid_x,grid_y,grid_z,threads,count,gpu_ms,mean_us
add_streams_broadcast_kernel,40,2,1,256,1,0.009375,9.375006
add_streams_broadcast_kernel,40,4,1,256,1,0.006542,6.541661
attn_chunk_kernel_m0,33,2,1,256,84,8.379375,99.754464
attn_chunk_kernel_m0,33,2,2,256,12,1.544708,128.725696
attn_chunk_kernel_m0,33,2,4,256,12,3.127250,260.604167
attn_merge_kernel,24,1,1,256,84,2.699167,32.132937
attn_merge_kernel,24,2,1,256,12,0.406583,33.881946
attn_merge_kernel,24,4,1,256,12,0.507208,42.267361
bf16_f32_mmvf_kernel,1,1,1,256,336,2.114667,6.293651
bf16_f32_mmvf_kernel,10240,1,1,160,13,0.757625,58.278847
bf16_f32_mmvf_kernel,10240,1,1,256,13,1.892958,145.612180
bf16_f32_mmvf_kernel,128,1,1,256,84,0.598667,7.126984
bf16_f32_mmvf_kernel,2560,1,1,256,13,0.529125,40.701922
bf16_f32_mmvf_kernel,320,1,1,256,13,0.293083,22.544873
bf16_f32_mmvf_kernel,512,1,1,256,420,5.201500,12.384524
bf16_f32_mmvf_multi_kernel,1,1,1,256,96,1.454167,15.147569
bf16_f32_mmvf_multi_kernel,128,1,1,256,24,0.406708,16.946180
bf16_f32_mmvf_multi_kernel,512,1,1,256,120,4.784333,39.869444
block_scores_multi_kernel,256,1,1,256,108,1.624125,15.038195
block_topk_kernel,1,1,1,256,84,6.296833,74.962301
block_topk_kernel,2,1,1,256,12,0.932750,77.729167
block_topk_kernel,4,1,1,256,12,1.046708,87.225694
broadcast_streams_kernel,40,1,1,256,7,0.041208,5.886906
broadcast_streams_kernel,40,2,1,256,1,0.007250,7.250004
broadcast_streams_kernel,40,4,1,256,1,0.007292,7.291666
copy,0,0,0,0,3757,7.815791,2.080328
copy_from_mapped_kernel,1,1,1,256,216,0.939250,4.348380
copy_from_mapped_kernel,10,1,1,256,1,0.005625,5.624999
copy_from_mapped_kernel,3,1,1,256,7,0.047208,6.744048
copy_from_mapped_kernel,5,1,1,256,1,0.006167,6.166665
copy_from_mapped_kernel,64,1,1,256,13,0.078250,6.019231
copy_i32_from_mapped_kernel,1,1,1,128,36,0.158833,4.412036
copy_indexed_kernel,64,1,1,256,9,0.079167,8.796296
embed_rows_kernel,10,1,1,32,7,0.056000,8.000000
embed_rows_kernel,10,2,1,32,2,0.017542,8.770836
embed_rows_kernel,10,4,1,32,2,0.015208,7.604165
fused_gr_down_kernel,41,1,1,256,1254,31.959083,25.485712
fused_gr_norm_kernel,1,1,1,256,1254,33.027167,26.337453
fused_gr_up_kernel,160,1,1,256,1254,36.269333,28.922913
gdn_ab_multi_kernel,12,1,1,256,324,5.300708,16.360211
gdn_conv_commit_kernel,40,1,1,256,324,1.986750,6.131944
gdn_conv_l2_multi_kernel,80,1,1,128,252,1.666542,6.613261
gdn_conv_l2_multi_kernel,80,2,1,128,36,0.247125,6.864583
gdn_conv_l2_multi_kernel,80,4,1,128,36,0.274042,7.612268
gdn_step_norm_multi_kernel,48,1,1,512,648,24.468875,37.760610
history_advance_kernel,40,1,1,256,13,0.066708,5.131411
kv_append_kernel,2,1,1,256,162,1.870833,11.548354
mmvq_multi_kernel_21_1,128,1,1,128,7,0.213792,30.541667
mmvq_multi_kernel_21_1,1536,1,1,128,77,7.301917,94.830086
mmvq_multi_kernel_21_1,160,1,1,128,161,5.869083,36.453934
mmvq_multi_kernel_21_1,2560,1,1,128,7,0.913167,130.452382
mmvq_multi_kernel_21_1,3072,1,1,128,7,1.032500,147.499998
mmvq_multi_kernel_21_1,640,1,1,128,49,4.609083,94.062925
mmvq_multi_kernel_21_2,128,1,1,128,1,0.033875,33.874996
mmvq_multi_kernel_21_2,1536,1,1,128,11,1.419208,129.018942
mmvq_multi_kernel_21_2,160,1,1,128,23,0.987125,42.918479
mmvq_multi_kernel_21_2,2560,1,1,128,1,0.182833,182.833333
mmvq_multi_kernel_21_2,3072,1,1,128,1,0.210750,210.750004
mmvq_multi_kernel_21_2,640,1,1,128,7,0.832000,118.857142
mmvq_multi_kernel_21_4,128,1,1,128,1,0.043750,43.750006
mmvq_multi_kernel_21_4,1536,1,1,128,11,2.232542,202.958333
mmvq_multi_kernel_21_4,160,1,1,128,23,1.181375,51.364130
mmvq_multi_kernel_21_4,2560,1,1,128,1,0.311708,311.708332
mmvq_multi_kernel_21_4,3072,1,1,128,1,0.406708,406.708328
mmvq_multi_kernel_21_4,640,1,1,128,7,1.268208,181.172619
native_gr_down_silu_kernel,2,1,1,256,13,0.068000,5.230769
native_gr_post_kernel,40,1,1,256,26,0.169875,6.533654
native_gr_pre_gated_kernel,10,1,1,256,13,0.101875,7.836538
native_iq4_xs_mmvq_kernel_large,2560,1,1,128,273,15.841292,58.026709
native_iq4_xs_mmvq_kernel_small,128,1,1,128,105,2.297000,21.876190
native_iq4_xs_mmvq_kernel_small,1536,1,1,128,154,11.882292,77.157738
native_iq4_xs_mmvq_kernel_small,160,1,1,128,399,9.204792,23.069653
native_iq4_xs_mmvq_kernel_small,2560,1,1,128,245,29.889917,121.999660
native_iq4_xs_mmvq_kernel_small,3072,1,1,128,77,10.751750,139.633117
native_iq4_xs_mmvq_kernel_small,62080,1,1,128,7,17.043208,2434.744047
native_mmvq_multi_kernel_iq4_nl_r4,640,1,1,128,72,6.457333,89.685185
native_mmvq_multi_kernel_iq4_xs_r1,2560,1,1,128,78,10.954833,140.446581
native_mmvq_multi_kernel_iq4_xs_r4,128,1,1,128,30,1.256542,41.884721
native_mmvq_multi_kernel_iq4_xs_r4,1536,1,1,128,44,12.118750,275.426136
native_mmvq_multi_kernel_iq4_xs_r4,160,1,1,128,114,6.986625,61.286184
native_mmvq_multi_kernel_iq4_xs_r4,2560,1,1,128,70,30.658083,437.972619
native_mmvq_multi_kernel_iq4_xs_r4,3072,1,1,128,22,11.368750,516.761365
native_mmvq_multi_kernel_iq4_xs_r4,62080,1,1,128,2,19.624583,9812.291664
native_mmvq_multi_kernel_q2_0_r4,640,1,1,128,10,0.984875,98.487501
native_mmvq_multi_kernel_q6_k_r1,2560,1,1,128,4,0.936042,234.010417
native_mmvq_multi_kernel_q6_k_r1,512,1,1,128,16,0.460583,28.786458
native_mmvq_multi_kernel_q6_k_r1,6144,1,1,128,6,1.422792,237.131944
native_mmvq_multi_kernel_q6_k_r1,640,1,1,128,32,1.057667,33.052084
native_mmvq_multi_kernel_q8_0_r1,2560,1,1,128,5,0.723458,144.691666
native_mmvq_multi_kernel_q8_0_r1,512,1,1,128,4,0.107292,26.822916
native_mmvq_multi_kernel_q8_0_r4,640,1,1,128,14,0.887083,63.363095
native_q2_0_mmvq_kernel_small,640,1,1,128,35,0.806583,23.045237
native_q6_k_mmvq_kernel_large,2560,1,1,128,14,0.956625,68.330357
native_q6_k_mmvq_kernel_large,512,1,1,128,56,0.609125,10.877233
native_q6_k_mmvq_kernel_large,6144,1,1,128,21,1.483000,70.619047
native_q6_k_mmvq_kernel_large,640,1,1,128,112,1.358250,12.127232
native_quantize_q8_1_kernel,10,1,1,256,727,3.707083,5.099152
native_quantize_q8_1_kernel,20,1,1,256,99,0.535208,5.406145
native_quantize_q8_1_kernel,24,1,1,256,336,1.723375,5.129092
native_quantize_q8_1_kernel,3,1,1,256,336,1.578333,4.697421
native_quantize_q8_1_kernel,40,1,1,256,99,0.551000,5.565657
native_quantize_q8_1_kernel,48,1,1,256,48,0.263708,5.493924
native_quantize_q8_1_kernel,5,1,1,256,48,0.231583,4.824653
native_quantize_q8_1_kernel,80,1,1,256,3,0.030667,10.222223
native_quantize_q8_1_kernel,96,1,1,256,48,0.270917,5.644096
native_resident_down_42,320,10,1,256,336,27.425417,81.623264
native_resident_down_42,320,20,1,256,48,7.666125,159.710937
native_resident_down_42,320,40,1,256,48,16.410542,341.886285
native_resident_gu_16,160,10,1,256,77,9.186458,119.304654
native_resident_gu_16,160,20,1,256,11,2.566000,233.272728
native_resident_gu_16,160,40,1,256,11,5.501125,500.102273
native_resident_gu_22,160,10,1,256,238,30.354792,127.541141
native_resident_gu_22,160,20,1,256,34,8.311333,244.450980
native_resident_gu_22,160,40,1,256,34,17.764000,522.470588
native_resident_gu_29,160,10,1,256,21,2.442792,116.323414
native_resident_gu_29,160,20,1,256,3,0.671500,223.833335
native_resident_gu_29,160,40,1,256,3,1.381792,460.597226
native_rope_apply_kernel,1,16,1,128,12,0.112792,9.399307
native_rope_apply_kernel,1,2,1,128,90,0.918583,10.206481
native_rope_apply_kernel,1,24,1,128,84,0.823875,9.808036
native_rope_apply_kernel,1,4,1,128,96,0.899875,9.373697
native_rope_apply_kernel,1,48,1,128,12,0.110375,9.197917
native_rope_apply_kernel,1,8,1,128,24,0.232792,9.699653
native_rope_apply_kernel,1,96,1,128,12,0.120917,10.076388
native_small_mmvq_kernel_iq4_nl_small,640,1,1,128,252,5.076417,20.144511
native_small_mmvq_kernel_q8_0_small,640,1,1,128,49,0.712292,14.536565
nmoe_combine_kernel,10,1,1,256,336,2.362542,7.031374
nmoe_combine_kernel,10,2,1,256,48,0.405292,8.443576
nmoe_combine_kernel,10,4,1,256,48,0.442375,9.216146
nple_broadcast_kernel,40,1,1,256,13,0.051375,3.951924
nple_conv_residual_kernel,40,1,1,256,13,0.103125,7.932691
nple_gate_kernel,4,1,1,512,13,0.076375,5.875001
nqs_gate_kernel,24,1,1,256,84,0.573208,6.823909
nqs_gate_kernel,48,1,1,256,12,0.092292,7.690972
nqs_gate_kernel,96,1,1,256,12,0.114708,9.559026
nqs_norm_kernel,16,1,1,256,12,0.067375,5.614584
nqs_norm_kernel,2,1,1,1024,2,0.062375,31.187501
nqs_norm_kernel,2,1,1,256,90,0.531958,5.910648
nqs_norm_kernel,24,1,1,256,84,0.493500,5.875000
nqs_norm_kernel,4,1,1,1024,2,0.085000,42.499996
nqs_norm_kernel,4,1,1,256,96,0.569708,5.934462
nqs_norm_kernel,48,1,1,256,12,0.066417,5.534722
nqs_norm_kernel,8,1,1,256,24,0.131708,5.487849
nqs_norm_kernel,96,1,1,256,12,0.070292,5.857638
nqsi_append_kernel,1,1,1,256,588,4.323792,7.353388
quantize_q8_1_kernel,10,1,1,256,336,1.756458,5.227554
quantize_q8_1_kernel,100,1,1,256,48,0.275417,5.737847
quantize_q8_1_kernel,20,1,1,256,48,0.265167,5.524306
quantize_q8_1_kernel,25,1,1,256,336,1.632125,4.857515
quantize_q8_1_kernel,40,1,1,256,48,0.269583,5.616319
quantize_q8_1_kernel,50,1,1,256,48,0.258750,5.390624
route,1,1,1,256,336,6.295458,18.736483
route,2,1,1,256,48,0.910917,18.977431
route,4,1,1,256,48,0.955917,19.914930
sampler_greedy_kernel,1,1,1,1024,7,0.823583,117.654764
sampler_greedy_kernel,2,1,1,1024,1,0.119625,119.625001
sampler_greedy_kernel,4,1,1,1024,1,0.126542,126.541665
shexp_native_scalar_sigmoid_kernel,1,1,1,1,336,1.505792,4.481523
shexp_native_scalar_sigmoid_multi_kernel,1,1,1,2,48,0.209792,4.370660
shexp_native_scalar_sigmoid_multi_kernel,1,1,1,4,48,0.222833,4.642361
shexp_native_swiglu_kernel,10,1,1,128,48,0.229458,4.780382
shexp_native_swiglu_kernel,20,1,1,128,48,0.239208,4.983506
shexp_native_swiglu_kernel,5,1,1,128,336,1.612250,4.798363
shexp_scale_rows_kernel,20,1,1,128,336,1.294917,3.853919
shexp_scale_rows_kernel,20,2,1,128,48,0.183167,3.815973
shexp_scale_rows_kernel,20,4,1,128,48,0.201708,4.202257
swiglu_entries_kernel,100,1,1,256,48,0.286417,5.967014
swiglu_entries_kernel,25,1,1,256,336,1.564708,4.656870
swiglu_entries_kernel,50,1,1,256,48,0.287792,5.995659
to_bf16_kernel,10,1,1,256,336,1.218333,3.625992
to_bf16_kernel,20,1,1,256,48,0.175875,3.664063
to_bf16_kernel,40,1,1,256,48,0.186708,3.889757
weighted_rms_norm,4,1,1,1024,52,0.387250,7.447115
