kernel_grid_threads,count,total_ms,mean_us,gap_before_us
add_streams_broadcast_kernel 40x1024x1 256,9,4.915,546.069,0.500
block_scores_kernel 105x256x1 256,12,3.457,288.083,0.000
block_scores_kernel 113x256x1 256,12,4.680,390.021,0.354
block_scores_kernel 121x256x1 256,12,7.732,644.299,0.358
block_scores_kernel 129x256x1 256,12,5.498,458.163,0.337
block_scores_kernel 137x256x1 256,12,4.573,381.121,0.000
block_scores_kernel 145x256x1 256,12,7.362,613.479,0.358
block_scores_kernel 153x256x1 256,12,7.385,615.410,0.361
block_scores_kernel 161x256x1 256,12,5.626,468.837,0.382
block_scores_kernel 169x256x1 256,12,6.926,577.187,0.000
block_scores_kernel 177x256x1 256,12,9.316,776.347,0.399
block_scores_kernel 17x256x1 256,12,0.500,41.632,20.146
block_scores_kernel 185x256x1 256,12,7.352,612.684,0.358
block_scores_kernel 193x256x1 256,12,7.132,594.337,0.375
block_scores_kernel 201x256x1 256,12,7.991,665.906,0.000
block_scores_kernel 209x256x1 256,12,9.726,810.500,0.379
block_scores_kernel 217x256x1 256,12,9.119,759.882,0.347
block_scores_kernel 225x256x1 256,12,7.785,648.781,0.361
block_scores_kernel 233x256x1 256,12,10.717,893.056,0.000
block_scores_kernel 241x256x1 256,12,11.838,986.510,2.143
block_scores_kernel 249x256x1 256,12,9.071,755.934,0.351
block_scores_kernel 257x256x1 256,12,9.237,769.781,0.385
block_scores_kernel 25x256x1 256,12,0.769,64.073,0.465
block_scores_kernel 265x256x1 256,12,10.164,846.969,0.000
block_scores_kernel 273x256x1 256,12,13.471,1122.601,0.354
block_scores_kernel 281x256x1 256,12,10.508,875.701,0.351
block_scores_kernel 289x256x1 256,12,9.587,798.899,0.389
block_scores_kernel 297x256x1 256,6,6.419,1069.757,0.000
block_scores_kernel 305x256x1 256,6,8.253,1375.479,0.403
block_scores_kernel 313x256x1 256,6,5.647,941.090,0.382
block_scores_kernel 313x9x1 256,6,0.231,38.438,0.403
block_scores_kernel 33x256x1 256,12,1.036,86.323,0.330
block_scores_kernel 41x256x1 256,12,1.281,106.715,0.000
block_scores_kernel 49x256x1 256,12,1.519,126.549,61.264
block_scores_kernel 57x256x1 256,12,2.686,223.809,9.344
block_scores_kernel 65x256x1 256,12,2.076,172.969,1.434
block_scores_kernel 73x256x1 256,12,2.381,198.389,0.000
block_scores_kernel 81x256x1 256,12,3.343,278.566,22.507
block_scores_kernel 89x256x1 256,12,4.263,355.246,0.347
block_scores_kernel 97x256x1 256,12,7.360,613.302,0.375
block_scores_kernel 9x256x1 256,12,0.249,20.729,0.000
block_topk_scan_kernel 256x1x1 256,450,38.139,84.753,1.046
block_topk_scan_kernel 9x1x1 256,6,0.279,46.514,0.396
dequant_flat_kernel_f16 102400x1x1 32,9,231.997,25777.403,0.000
dequant_flat_kernel_f16 122880x1x1 32,9,2.961,328.982,0.305
dequant_flat_kernel_f16 5120x1x1 32,10,4.886,488.637,0.000
dequant_flat_kernel_f16 61440x1x1 32,174,89.846,516.358,0.491
dequant_flat_kernel_f16 6400x1x1 32,222,5.500,24.774,0.355
dequant_kernel 160x1x1 256,236,50.278,213.041,0.181
dequant_kernel 1920x1x1 256,628,769.040,1224.586,1.181
dequant_kernel 200x1x1 256,1152,192.011,166.676,0.371
dequant_kernel 3200x1x1 256,335,784.027,2340.378,211.782
dequant_kernel 3840x1x1 256,105,152.054,1448.131,0.318
dequant_kernel 800x1x1 256,18,7.561,420.072,0.185
embed_rows_kernel 10x1024x1 32,18,0.703,39.046,0.000
embed_rows_kernel 10x777x1 32,1,0.024,24.166,0.000
memset8_kernel 131072x1x1 256,50,47.394,947.872,0.539
memset8_kernel 138496000x1x1 256,2,47.906,23953.021,0.000
memset8_kernel 1440x1x1 256,2,0.020,10.124,0.334
memset8_kernel 160x1x1 256,2,0.021,10.562,0.000
memset8_kernel 16388x1x1 256,25,2.925,117.020,0.453
memset8_kernel 185921x1x1 256,1,1.736,1735.833,0.000
memset8_kernel 2x1x1 256,25,0.134,5.357,0.450
memset8_kernel 400x1x1 256,1,0.012,11.666,0.000
memset8_kernel 459648x1x1 256,2,8.554,4277.083,23.792
memset8_kernel 60965x1x1 256,1,0.574,574.333,0.000
memset8_kernel 6x1x1 256,25,0.134,5.358,0.562
native_gemm2_down_42_r16 40x668x1 128,1,11.649,11648.791,0.375
native_gemm2_down_42_r16 40x671x1 128,1,11.718,11718.041,0.584
native_gemm2_down_42_r16 40x674x1 128,1,11.280,11279.667,0.416
native_gemm2_down_42_r16 40x681x1 128,1,11.235,11234.541,0.375
native_gemm2_down_42_r16 40x683x1 128,1,11.284,11284.167,0.416
native_gemm2_down_42_r16 40x684x1 128,3,34.705,11568.445,0.472
native_gemm2_down_42_r16 40x685x1 128,1,11.316,11316.208,0.417
native_gemm2_down_42_r16 40x690x1 128,1,11.172,11172.333,0.542
native_gemm2_down_42_r16 40x694x1 128,2,23.912,11956.166,0.520
native_gemm2_down_42_r16 40x699x1 128,1,11.670,11669.750,0.292
native_gemm2_down_42_r16 40x700x1 128,2,25.242,12621.104,0.416
native_gemm2_down_42_r16 40x701x1 128,1,11.712,11712.417,0.542
native_gemm2_down_42_r16 40x707x1 128,1,14.852,14852.500,0.500
native_gemm2_down_42_r16 40x709x1 128,1,11.877,11876.916,0.459
native_gemm2_down_42_r16 40x710x1 128,1,11.802,11802.125,0.583
native_gemm2_down_42_r16 40x722x1 128,1,13.159,13158.708,0.584
native_gemm2_down_42_r16 40x723x1 128,1,11.890,11890.209,0.458
native_gemm2_down_42_r16 40x727x1 128,1,12.115,12114.625,0.333
native_gemm2_down_42_r16 40x731x1 128,1,11.724,11723.667,0.375
native_gemm2_down_42_r16 40x732x1 128,1,14.098,14098.084,0.583
native_gemm2_down_42_r16 40x743x1 128,1,14.978,14978.208,0.542
native_gemm2_down_42_r16 40x797x1 128,1,12.696,12696.250,0.625
native_gemm2_down_42_r16 40x798x1 128,1,13.091,13090.584,0.458
native_gemm2_down_42_r16 40x803x1 128,1,13.293,13293.208,0.500
native_gemm2_down_42_r16 40x807x1 128,1,13.539,13538.625,0.834
native_gemm2_down_42_r16 40x813x1 128,1,14.363,14362.625,0.708
native_gemm2_down_42_r16 40x815x1 128,2,25.541,12770.666,0.583
native_gemm2_down_42_r16 40x816x1 128,2,26.385,13192.375,0.604
native_gemm2_down_42_r16 40x817x1 128,2,26.202,13101.041,0.500
native_gemm2_down_42_r16 40x818x1 128,1,13.014,13013.916,0.625
native_gemm2_down_42_r16 40x819x1 128,1,13.239,13239.292,0.541
native_gemm2_down_42_r16 40x820x1 128,1,12.899,12899.250,0.583
native_gemm2_down_42_r16 40x821x1 128,3,39.429,13142.903,0.597
native_gemm2_down_42_r16 40x822x1 128,4,52.992,13248.104,0.562
native_gemm2_down_42_r16 40x823x1 128,3,39.771,13256.875,0.583
native_gemm2_down_42_r16 40x824x1 128,3,41.675,13891.681,0.583
native_gemm2_down_42_r16 40x825x1 128,2,27.348,13673.812,0.646
native_gemm2_down_42_r16 40x826x1 128,2,26.984,13492.229,0.541
native_gemm2_down_42_r16 40x827x1 128,5,69.722,13944.317,0.542
native_gemm2_down_42_r16 40x828x1 128,3,39.265,13088.389,0.555
native_gemm2_down_42_r16 40x829x1 128,2,25.945,12972.521,0.604
native_gemm2_down_42_r16 40x830x1 128,5,68.925,13785.092,0.584
native_gemm2_down_42_r16 40x831x1 128,2,26.768,13383.979,0.625
native_gemm2_down_42_r16 40x832x1 128,3,40.720,13573.431,0.569
native_gemm2_down_42_r16 40x833x1 128,1,12.792,12791.542,0.583
native_gemm2_down_42_r16 40x834x1 128,2,28.348,14173.791,0.521
native_gemm2_down_42_r16 40x835x1 128,5,69.138,13827.533,0.533
native_gemm2_down_42_r16 40x836x1 128,1,13.947,13946.916,0.584
native_gemm2_down_42_r16 40x837x1 128,5,67.468,13493.659,0.542
native_gemm2_down_42_r16 40x838x1 128,11,151.353,13759.394,0.568
native_gemm2_down_42_r16 40x839x1 128,7,94.358,13479.768,0.566
native_gemm2_down_42_r16 40x840x1 128,3,40.264,13421.236,0.556
native_gemm2_down_42_r16 40x841x1 128,8,110.193,13774.063,0.583
native_gemm2_down_42_r16 40x842x1 128,4,57.113,14278.166,0.604
native_gemm2_down_42_r16 40x843x1 128,10,141.631,14163.058,0.592
native_gemm2_down_42_r16 40x844x1 128,5,71.912,14382.367,0.592
native_gemm2_down_42_r16 40x845x1 128,8,112.976,14121.984,0.615
native_gemm2_down_42_r16 40x846x1 128,8,109.950,13743.802,0.552
native_gemm2_down_42_r16 40x847x1 128,13,181.590,13968.436,0.548
native_gemm2_down_42_r16 40x848x1 128,8,109.805,13725.589,0.526
native_gemm2_down_42_r16 40x849x1 128,15,209.391,13959.425,0.536
native_gemm2_down_42_r16 40x850x1 128,3,40.987,13662.306,0.569
native_gemm2_down_42_r16 40x851x1 128,12,168.324,14026.986,0.587
native_gemm2_down_42_r16 40x852x1 128,13,178.429,13725.337,0.555
native_gemm2_down_42_r16 40x853x1 128,6,83.115,13852.472,1.812
native_gemm2_down_42_r16 40x854x1 128,9,125.921,13991.259,0.555
native_gemm2_down_42_r16 40x855x1 128,14,197.846,14131.878,0.545
native_gemm2_down_42_r16 40x856x1 128,8,111.716,13964.500,0.542
native_gemm2_down_42_r16 40x857x1 128,8,112.915,14114.422,0.578
native_gemm2_down_42_r16 40x858x1 128,13,185.859,14296.865,0.519
native_gemm2_down_42_r16 40x859x1 128,9,127.147,14127.454,0.542
native_gemm2_down_42_r16 40x860x1 128,9,124.356,13817.329,0.514
native_gemm2_down_42_r16 40x861x1 128,11,148.691,13517.345,0.515
native_gemm2_down_42_r16 40x862x1 128,11,154.626,14056.947,0.542
native_gemm2_down_42_r16 40x863x1 128,7,100.005,14286.458,0.560
native_gemm2_down_42_r16 40x864x1 128,13,181.783,13983.330,0.519
native_gemm2_down_42_r16 40x865x1 128,12,166.288,13857.320,0.490
native_gemm2_down_42_r16 40x866x1 128,5,72.035,14407.025,0.550
native_gemm2_down_42_r16 40x867x1 128,9,127.726,14191.810,0.569
native_gemm2_down_42_r16 40x868x1 128,8,113.269,14158.625,0.557
native_gemm2_down_42_r16 40x869x1 128,10,144.830,14482.987,0.533
native_gemm2_down_42_r16 40x870x1 128,4,51.871,12967.844,0.479
native_gemm2_down_42_r16 40x871x1 128,5,69.360,13872.059,0.542
native_gemm2_down_42_r16 40x872x1 128,8,113.525,14190.630,0.578
native_gemm2_down_42_r16 40x873x1 128,2,28.400,14200.062,0.605
native_gemm2_down_42_r16 40x874x1 128,7,99.987,14283.792,0.625
native_gemm2_down_42_r16 40x875x1 128,9,126.828,14091.954,0.528
native_gemm2_down_42_r16 40x876x1 128,4,57.639,14409.740,0.458
native_gemm2_down_42_r16 40x877x1 128,7,99.723,14246.119,0.559
native_gemm2_down_42_r16 40x878x1 128,2,28.201,14100.479,0.584
native_gemm2_down_42_r16 40x879x1 128,4,57.741,14435.239,0.542
native_gemm2_down_42_r16 40x880x1 128,1,14.565,14565.042,0.583
native_gemm2_down_42_r16 40x881x1 128,3,41.670,13889.875,0.528
native_gemm2_down_42_r16 40x882x1 128,2,29.377,14688.521,0.562
native_gemm2_down_42_r16 40x883x1 128,1,11.973,11972.500,0.458
native_gemm2_down_42_r16 40x884x1 128,3,43.419,14472.903,0.555
native_gemm2_down_42_r16 40x885x1 128,3,42.549,14183.042,0.514
native_gemm2_down_42_r16 40x886x1 128,2,28.436,14217.896,0.604
native_gemm2_down_42_r16 40x887x1 128,1,14.474,14474.166,0.625
native_gemm2_down_42_r16 40x888x1 128,1,10.279,10279.042,0.375
native_gemm2_down_42_r16 40x890x1 128,1,14.091,14091.125,0.583
native_gemm2_down_42_r16 40x892x1 128,1,14.435,14435.334,0.625
native_gemm2_down_42_r16 40x893x1 128,1,14.589,14588.542,0.500
native_gemm2_down_42_r16 40x899x1 128,1,13.123,13122.625,0.542
native_gemm2_down_42_r16 40x905x1 128,1,15.338,15338.375,0.625
native_gemm2_down_42_r32 40x484x1 256,1,13.289,13288.875,0.500
native_gemm2_down_42_r32 40x485x1 256,1,12.935,12934.708,0.583
native_gemm2_down_42_r32 40x505x1 256,1,13.646,13645.834,0.666
native_gemm2_gu_16_r16 20x681x1 128,1,22.838,22838.208,5.000
native_gemm2_gu_16_r16 20x683x1 128,1,21.678,21677.583,86.667
native_gemm2_gu_16_r16 20x684x1 128,2,45.284,22642.208,6.479
native_gemm2_gu_16_r16 20x690x1 128,1,21.983,21982.833,5.542
native_gemm2_gu_16_r16 20x694x1 128,1,22.586,22586.166,10.084
native_gemm2_gu_16_r16 20x700x1 128,1,23.969,23969.084,5.750
native_gemm2_gu_16_r16 20x727x1 128,1,22.864,22864.208,5.542
native_gemm2_gu_16_r16 20x817x1 128,1,25.530,25529.542,5.125
native_gemm2_gu_16_r16 20x820x1 128,1,25.722,25722.458,5.709
native_gemm2_gu_16_r16 20x821x1 128,1,26.053,26053.458,5.167
native_gemm2_gu_16_r16 20x822x1 128,1,26.228,26227.959,4.541
native_gemm2_gu_16_r16 20x823x1 128,2,50.855,25427.459,5.521
native_gemm2_gu_16_r16 20x824x1 128,1,28.142,28142.250,5.417
native_gemm2_gu_16_r16 20x825x1 128,1,27.698,27698.250,13.208
native_gemm2_gu_16_r16 20x827x1 128,2,51.379,25689.562,5.354
native_gemm2_gu_16_r16 20x828x1 128,1,26.650,26650.000,5.834
native_gemm2_gu_16_r16 20x829x1 128,1,25.180,25179.917,4.792
native_gemm2_gu_16_r16 20x830x1 128,2,53.970,26985.062,42.750
native_gemm2_gu_16_r16 20x834x1 128,1,28.275,28275.041,5.459
native_gemm2_gu_16_r16 20x835x1 128,2,53.314,26657.230,5.500
native_gemm2_gu_16_r16 20x837x1 128,2,52.513,26256.271,23.458
native_gemm2_gu_16_r16 20x838x1 128,5,133.292,26658.442,22.992
native_gemm2_gu_16_r16 20x839x1 128,2,52.308,26154.209,6.750
native_gemm2_gu_16_r16 20x840x1 128,1,26.715,26714.959,5.583
native_gemm2_gu_16_r16 20x841x1 128,2,53.584,26791.750,5.583
native_gemm2_gu_16_r16 20x842x1 128,2,53.794,26896.958,5.167
native_gemm2_gu_16_r16 20x843x1 128,5,138.945,27788.950,5.425
native_gemm2_gu_16_r16 20x844x1 128,1,25.491,25491.458,5.292
native_gemm2_gu_16_r16 20x845x1 128,1,27.740,27740.417,5.917
native_gemm2_gu_16_r16 20x846x1 128,1,29.650,29650.167,5.791
native_gemm2_gu_16_r16 20x847x1 128,2,55.919,27959.709,5.417
native_gemm2_gu_16_r16 20x848x1 128,1,26.429,26428.583,5.583
native_gemm2_gu_16_r16 20x849x1 128,4,108.604,27151.052,5.386
native_gemm2_gu_16_r16 20x850x1 128,1,27.442,27441.833,4.792
native_gemm2_gu_16_r16 20x851x1 128,1,27.262,27261.542,5.458
native_gemm2_gu_16_r16 20x852x1 128,3,79.957,26652.375,384.597
native_gemm2_gu_16_r16 20x853x1 128,2,53.222,26610.771,44.020
native_gemm2_gu_16_r16 20x854x1 128,3,80.170,26723.208,13.570
native_gemm2_gu_16_r16 20x855x1 128,1,26.191,26191.208,5.750
native_gemm2_gu_16_r16 20x856x1 128,1,25.581,25581.500,4.917
native_gemm2_gu_16_r16 20x857x1 128,1,26.110,26109.667,4.875
native_gemm2_gu_16_r16 20x859x1 128,2,55.429,27714.750,5.583
native_gemm2_gu_16_r16 20x860x1 128,4,107.248,26811.917,5.313
native_gemm2_gu_16_r16 20x861x1 128,6,154.481,25746.854,4.889
native_gemm2_gu_16_r16 20x862x1 128,3,76.823,25607.653,5.125
native_gemm2_gu_16_r16 20x863x1 128,1,27.483,27482.875,10.750
native_gemm2_gu_16_r16 20x864x1 128,4,107.368,26841.928,25.645
native_gemm2_gu_16_r16 20x865x1 128,1,27.552,27552.083,5.708
native_gemm2_gu_16_r16 20x867x1 128,1,26.591,26590.958,5.375
native_gemm2_gu_16_r16 20x868x1 128,2,55.015,27507.584,63.541
native_gemm2_gu_16_r16 20x869x1 128,3,74.321,24773.736,83.680
native_gemm2_gu_16_r16 20x871x1 128,1,26.787,26786.792,5.000
native_gemm2_gu_16_r16 20x872x1 128,1,26.109,26108.584,5.875
native_gemm2_gu_16_r16 20x874x1 128,1,26.599,26599.292,10.667
native_gemm2_gu_16_r16 20x875x1 128,2,54.235,27117.271,5.042
native_gemm2_gu_16_r16 20x876x1 128,1,27.792,27792.083,8.709
native_gemm2_gu_16_r16 20x877x1 128,2,53.118,26558.980,26.187
native_gemm2_gu_16_r16 20x879x1 128,1,27.087,27086.708,5.167
native_gemm2_gu_16_r16 20x881x1 128,1,26.839,26839.250,6.209
native_gemm2_gu_16_r16 20x885x1 128,2,53.127,26563.354,5.229
native_gemm2_gu_16_r16 20x886x1 128,1,27.672,27672.083,4.959
native_gemm2_gu_22_r16 20x668x1 128,1,22.986,22985.792,72.458
native_gemm2_gu_22_r16 20x671x1 128,1,22.934,22933.834,5.416
native_gemm2_gu_22_r16 20x674x1 128,1,23.063,23062.625,5.833
native_gemm2_gu_22_r16 20x684x1 128,1,23.483,23482.875,4.791
native_gemm2_gu_22_r16 20x699x1 128,1,23.056,23056.125,5.542
native_gemm2_gu_22_r16 20x700x1 128,1,23.624,23623.959,87.208
native_gemm2_gu_22_r16 20x701x1 128,1,22.861,22861.250,75.458
native_gemm2_gu_22_r16 20x707x1 128,1,28.097,28096.958,6.708
native_gemm2_gu_22_r16 20x709x1 128,1,23.823,23822.500,6.084
native_gemm2_gu_22_r16 20x710x1 128,1,23.427,23427.167,5.625
native_gemm2_gu_22_r16 20x722x1 128,1,25.208,25207.750,123.542
native_gemm2_gu_22_r16 20x723x1 128,1,22.866,22865.750,5.208
native_gemm2_gu_22_r16 20x731x1 128,1,22.725,22724.750,50.625
native_gemm2_gu_22_r16 20x732x1 128,1,25.771,25771.083,5.459
native_gemm2_gu_22_r16 20x743x1 128,1,28.880,28879.916,101.834
native_gemm2_gu_22_r16 20x797x1 128,1,24.705,24704.791,5.292
native_gemm2_gu_22_r16 20x798x1 128,1,26.316,26315.542,57.375
native_gemm2_gu_22_r16 20x803x1 128,1,25.963,25962.584,5.375
native_gemm2_gu_22_r16 20x807x1 128,1,26.660,26660.083,5.708
native_gemm2_gu_22_r16 20x813x1 128,1,28.166,28166.166,8.667
native_gemm2_gu_22_r16 20x815x1 128,2,50.002,25001.166,26.292
native_gemm2_gu_22_r16 20x816x1 128,2,50.647,25323.584,4.750
native_gemm2_gu_22_r16 20x817x1 128,1,25.449,25449.375,4.916
native_gemm2_gu_22_r16 20x818x1 128,1,25.534,25534.334,5.125
native_gemm2_gu_22_r16 20x819x1 128,1,25.334,25334.125,4.708
native_gemm2_gu_22_r16 20x821x1 128,2,51.467,25733.438,5.187
native_gemm2_gu_22_r16 20x822x1 128,3,77.432,25810.639,47.597
native_gemm2_gu_22_r16 20x823x1 128,1,26.570,26570.333,5.583
native_gemm2_gu_22_r16 20x824x1 128,1,26.253,26252.500,5.708
native_gemm2_gu_22_r16 20x825x1 128,1,25.920,25920.083,4.958
native_gemm2_gu_22_r16 20x826x1 128,2,52.276,26138.062,39.062
native_gemm2_gu_22_r16 20x827x1 128,2,52.583,26291.250,5.521
native_gemm2_gu_22_r16 20x828x1 128,2,51.576,25787.875,4.875
native_gemm2_gu_22_r16 20x829x1 128,1,27.308,27308.000,5.167
native_gemm2_gu_22_r16 20x830x1 128,3,78.186,26062.097,7.333
native_gemm2_gu_22_r16 20x831x1 128,2,52.436,26217.917,40.333
native_gemm2_gu_22_r16 20x832x1 128,3,79.746,26581.917,47.375
native_gemm2_gu_22_r16 20x833x1 128,1,24.590,24589.875,4.500
native_gemm2_gu_22_r16 20x834x1 128,1,26.864,26864.125,5.750
native_gemm2_gu_22_r16 20x835x1 128,2,54.278,27138.854,45.521
native_gemm2_gu_22_r16 20x836x1 128,1,26.434,26434.084,9.125
native_gemm2_gu_22_r16 20x837x1 128,2,53.841,26920.271,5.438
native_gemm2_gu_22_r16 20x838x1 128,4,106.725,26681.375,5.750
native_gemm2_gu_22_r16 20x839x1 128,5,130.155,26030.934,26.183
native_gemm2_gu_22_r16 20x840x1 128,2,50.694,25346.770,5.188
native_gemm2_gu_22_r16 20x841x1 128,5,135.766,27153.200,5.867
native_gemm2_gu_22_r16 20x842x1 128,1,27.591,27590.542,5.625
native_gemm2_gu_22_r16 20x843x1 128,4,112.382,28095.427,5.636
native_gemm2_gu_22_r16 20x844x1 128,3,84.233,28077.611,177.514
native_gemm2_gu_22_r16 20x845x1 128,6,163.261,27210.243,6.174
native_gemm2_gu_22_r16 20x846x1 128,7,185.888,26555.453,20.416
native_gemm2_gu_22_r16 20x847x1 128,10,271.754,27175.446,13.421
native_gemm2_gu_22_r16 20x848x1 128,7,188.225,26889.286,5.036
native_gemm2_gu_22_r16 20x849x1 128,11,300.176,27288.739,12.776
native_gemm2_gu_22_r16 20x850x1 128,2,53.456,26727.834,5.500
native_gemm2_gu_22_r16 20x851x1 128,9,245.566,27285.102,11.093
native_gemm2_gu_22_r16 20x852x1 128,10,268.428,26842.750,20.425
native_gemm2_gu_22_r16 20x853x1 128,2,54.010,27005.166,5.417
native_gemm2_gu_22_r16 20x854x1 128,5,137.012,27402.450,36.459
native_gemm2_gu_22_r16 20x855x1 128,12,326.266,27188.851,17.302
native_gemm2_gu_22_r16 20x856x1 128,7,191.479,27354.077,141.947
native_gemm2_gu_22_r16 20x857x1 128,6,167.080,27846.639,18.201
native_gemm2_gu_22_r16 20x858x1 128,11,304.029,27639.030,11.792
native_gemm2_gu_22_r16 20x859x1 128,7,192.144,27449.095,5.286
native_gemm2_gu_22_r16 20x860x1 128,4,107.237,26809.146,5.718
native_gemm2_gu_22_r16 20x861x1 128,5,135.851,27170.108,56.883
native_gemm2_gu_22_r16 20x862x1 128,7,194.673,27810.500,5.304
native_gemm2_gu_22_r16 20x863x1 128,5,137.364,27472.875,8.667
native_gemm2_gu_22_r16 20x864x1 128,9,246.963,27440.333,12.713
native_gemm2_gu_22_r16 20x865x1 128,11,294.992,26817.474,147.614
native_gemm2_gu_22_r16 20x866x1 128,5,140.357,28071.425,10.125
native_gemm2_gu_22_r16 20x867x1 128,7,194.368,27766.840,16.881
native_gemm2_gu_22_r16 20x868x1 128,6,167.232,27872.035,5.166
native_gemm2_gu_22_r16 20x869x1 128,7,202.622,28945.994,166.917
native_gemm2_gu_22_r16 20x870x1 128,3,73.475,24491.681,25.791
native_gemm2_gu_22_r16 20x871x1 128,4,107.913,26978.208,5.125
native_gemm2_gu_22_r16 20x872x1 128,7,192.687,27526.667,27.810
native_gemm2_gu_22_r16 20x873x1 128,2,54.485,27242.562,46.770
native_gemm2_gu_22_r16 20x874x1 128,6,165.666,27610.931,5.396
native_gemm2_gu_22_r16 20x875x1 128,7,196.854,28122.024,22.732
native_gemm2_gu_22_r16 20x876x1 128,3,83.467,27822.459,5.403
native_gemm2_gu_22_r16 20x877x1 128,5,136.341,27268.275,5.833
native_gemm2_gu_22_r16 20x878x1 128,2,55.948,27973.959,4.937
native_gemm2_gu_22_r16 20x879x1 128,2,55.510,27754.791,5.938
native_gemm2_gu_22_r16 20x880x1 128,1,27.569,27569.250,5.500
native_gemm2_gu_22_r16 20x881x1 128,2,54.501,27250.541,6.521
native_gemm2_gu_22_r16 20x882x1 128,2,54.864,27431.855,5.396
native_gemm2_gu_22_r16 20x883x1 128,1,21.370,21370.250,4.000
native_gemm2_gu_22_r16 20x884x1 128,3,83.746,27915.500,5.208
native_gemm2_gu_22_r16 20x885x1 128,1,27.655,27655.083,8.250
native_gemm2_gu_22_r16 20x886x1 128,1,28.195,28194.542,80.708
native_gemm2_gu_22_r16 20x887x1 128,1,28.594,28594.209,83.000
native_gemm2_gu_22_r16 20x888x1 128,1,42.809,42809.375,12157913.083
native_gemm2_gu_22_r16 20x890x1 128,1,28.385,28385.084,5.208
native_gemm2_gu_22_r16 20x892x1 128,1,28.395,28394.958,5.042
native_gemm2_gu_22_r16 20x893x1 128,1,27.878,27877.625,5.166
native_gemm2_gu_22_r16 20x899x1 128,1,26.429,26429.083,4.625
native_gemm2_gu_22_r16 20x905x1 128,1,29.494,29494.375,5.625
native_gemm2_gu_22_r32 20x484x1 256,1,25.430,25430.417,8.000
native_gemm2_gu_22_r32 20x485x1 256,1,25.836,25835.875,5.292
native_gemm2_gu_22_r32 20x505x1 256,1,26.767,26766.750,98.875
native_gemm2_gu_29_r16 20x685x1 128,1,26.563,26562.542,5.583
native_gemm2_gu_29_r16 20x694x1 128,1,28.523,28523.334,5.208
native_gemm2_gu_29_r16 20x824x1 128,1,29.566,29566.250,8.583
native_gemm2_gu_29_r16 20x827x1 128,1,37.133,37133.291,6.250
native_gemm2_gu_29_r16 20x835x1 128,1,30.849,30848.916,5.750
native_gemm2_gu_29_r16 20x837x1 128,1,30.771,30771.208,71.875
native_gemm2_gu_29_r16 20x838x1 128,2,61.013,30506.583,39.646
native_gemm2_gu_29_r16 20x841x1 128,1,31.586,31586.292,57.292
native_gemm2_gu_29_r16 20x842x1 128,1,34.816,34815.750,5.792
native_gemm2_gu_29_r16 20x843x1 128,1,32.864,32864.333,12.167
native_gemm2_gu_29_r16 20x844x1 128,1,31.352,31352.000,5.417
native_gemm2_gu_29_r16 20x845x1 128,1,31.175,31174.958,5.875
native_gemm2_gu_29_r16 20x847x1 128,1,30.622,30621.625,5.333
native_gemm2_gu_29_r16 20x851x1 128,2,62.818,31409.230,505.166
native_gemm2_gu_29_r16 20x853x1 128,2,63.436,31717.771,80.271
native_gemm2_gu_29_r16 20x854x1 128,1,34.204,34203.584,88.208
native_gemm2_gu_29_r16 20x855x1 128,1,31.099,31099.500,5.542
native_gemm2_gu_29_r16 20x857x1 128,1,31.869,31868.500,6.667
native_gemm2_gu_29_r16 20x858x1 128,2,64.793,32396.312,55.230
native_gemm2_gu_29_r16 20x860x1 128,1,31.120,31119.708,84.792
native_gemm2_gu_29_r16 20x862x1 128,1,31.085,31084.667,4.875
native_gemm2_gu_29_r16 20x863x1 128,1,32.326,32326.333,5.000
native_gemm2_gu_29_r16 20x867x1 128,1,31.792,31791.667,5.083
native_gemm2_gu_29_r16 20x870x1 128,1,32.919,32919.500,4.500
native_gemm2_gu_29_r16 20x879x1 128,1,31.424,31423.542,71.083
nple_broadcast_batch_kernel 31080x1x1 256,1,0.162,162.334,0.500
nple_broadcast_batch_kernel 40960x1x1 256,9,1.794,199.292,0.426
nple_conv_residual_batch_kernel 31080x1x1 256,1,0.704,704.333,0.292
nple_conv_residual_batch_kernel 40960x1x1 256,9,8.589,954.343,22870.204
nple_gate_kernel 3108x1x1 512,1,0.143,143.250,0.583
nple_gate_kernel 4096x1x1 512,9,1.793,199.217,0.458
nple_history_batch_kernel 40x1x1 256,10,0.081,8.146,0.442
nple_rms_rep_kernel 3108x1x1 1024,3,0.559,186.181,0.375
nple_rms_rep_kernel 4096x1x1 1024,27,6.510,241.094,0.406
nqsi_append_blocks_kernel 194x1x1 256,6,0.122,20.410,0.326
nqsi_append_blocks_kernel 256x1x1 256,108,2.211,20.476,0.310
nqsi_append_first_kernel 1x1x1 256,12,0.145,12.090,0.312
nqsi_append_tail_kernel 3x1x1 128,114,0.961,8.433,0.304
pfl_copy_i32_kernel 31x1x1 256,76,0.517,6.798,5.985
pfl_copy_i32_kernel 40x1x1 256,1296,8.912,6.877,7.622
pfl_gate_attn_kernel 18648x1x1 256,6,1.601,266.875,0.604
pfl_gate_attn_kernel 24576x1x1 256,108,37.066,343.200,0.618
pfl_gather_rows16_kernel 12800x1x1 256,432,500.679,1158.979,45.074
pfl_gather_rows16_kernel 9713x1x1 256,25,21.454,858.157,28.733
pfl_gdn_conv_hist_kernel 80x1x1 128,344,2.086,6.065,0.586
pfl_gdn_conv_tiled_kernel 80x13x1 128,20,6.533,326.665,0.388
pfl_gdn_conv_tiled_kernel 80x16x1 128,324,137.385,424.028,68.395
pfl_gdn_gates_kernel 146x1x1 256,20,0.194,9.717,0.398
pfl_gdn_gates_kernel 192x1x1 256,324,3.246,10.018,2043.665
pfl_gdn_l2_kernel 32x1024x1 128,324,38.983,120.318,0.372
pfl_gdn_l2_kernel 32x777x1 128,20,1.763,88.173,0.360
pfl_gdn_out_norm_kernel 1024x48x1 128,324,125.111,386.146,0.561
pfl_gdn_out_norm_kernel 777x48x1 128,20,5.501,275.029,0.515
pfl_gdn_rec_cols_pipe_kernel 192x1x1 128,344,1391.108,4043.918,0.401
pfl_gemm2_bf16 160x13x1 256,53,78.455,1480.292,0.365
pfl_gemm2_bf16 160x16x1 256,882,1463.425,1659.212,725.555
pfl_gemm2_bf16 1x13x1 256,118,87.985,745.633,0.444
pfl_gemm2_bf16 1x16x1 256,1944,1425.425,733.243,7.437
pfl_gemm2_bf16 2x13x1 256,6,2.130,355.055,0.514
pfl_gemm2_bf16 2x16x1 256,108,40.757,377.384,0.522
pfl_gemm2_bf16 40x13x1 256,1,2.533,2533.083,0.542
pfl_gemm2_bf16 40x16x1 256,9,26.706,2967.384,0.509
pfl_gemm2_bf16 5x13x1 256,52,85.878,1651.501,0.457
pfl_gemm2_bf16 5x16x1 256,873,1776.712,2035.180,0.595
pfl_gemm2_bf16 8x13x1 256,32,17.457,545.538,0.550
pfl_gemm2_bf16 8x16x1 256,540,414.025,766.714,0.535
pfl_gemm2_f16 10x13x1 128,52,32.917,633.023,0.353
pfl_gemm2_f16 10x16x1 128,864,693.434,802.585,0.353
pfl_gemm2_f16 160x13x1 128,20,162.328,8116.413,38256.533
pfl_gemm2_f16 160x16x1 128,324,3059.515,9442.947,43729.364
pfl_gemm2_f16 192x13x1 128,6,57.646,9607.639,0.389
pfl_gemm2_f16 192x16x1 128,108,1214.453,11244.934,0.361
pfl_gemm2_f16 40x13x1 128,52,151.962,2922.353,6376.744
pfl_gemm2_f16 40x16x1 128,873,2826.770,3237.995,6867.954
pfl_gemm2_f16 40x64x1 128,9,78.776,8752.852,0.505
pfl_gemm2_f16 8x13x1 128,12,7.231,602.601,20390.226
pfl_gemm2_f16 8x16x1 128,234,140.468,600.291,21935.550
pfl_gemm2_f16 96x13x1 128,20,100.480,5023.988,0.365
pfl_gemm2_f16 96x16x1 128,324,1851.287,5713.850,0.378
pfl_gr_broadcast_kernel 31080x1x1 256,1,0.153,153.333,0.334
pfl_gr_broadcast_kernel 40960x1x1 256,9,2.239,248.745,125.069
pfl_gr_mix_r_kernel 10240x1x1 256,873,389.608,446.286,22.547
pfl_gr_mix_r_kernel 7770x1x1 256,52,15.581,299.639,0.497
pfl_gr_norm_rs_kernel 3108x1x1 256,2,0.330,165.000,0.125
pfl_gr_norm_rs_kernel 4096x1x1 256,27,6.402,237.126,219.600
pfl_gr_silu_kernel 1280x1x1 256,873,16.058,18.394,0.472
pfl_gr_silu_kernel 972x1x1 256,52,0.717,13.783,0.424
pfl_gr_write_kernel 31080x1x1 256,1,0.396,396.209,0.541
pfl_gr_write_kernel 40960x1x1 256,18,8.073,448.505,0.488
pfl_gr_write_norm_rs_kernel 3108x1x1 256,50,13.612,272.231,0.527
pfl_gr_write_norm_rs_kernel 4096x1x1 256,846,342.664,405.040,0.533
pfl_kv_append_kernel 1024x2x8 64,117,34.107,291.516,0.363
pfl_kv_append_kernel 777x2x8 64,6,1.614,268.965,0.403
pfl_moe_combine_kernel 10240x1x1 256,432,228.772,529.565,0.803
pfl_moe_combine_kernel 7770x1x1 256,25,8.096,323.828,0.735
pfl_rms_rows_kernel 1024x1x1 256,18,3.346,185.866,3425.690
pfl_rms_rows_kernel 1554x1x1 256,6,0.161,26.889,0.479
pfl_rms_rows_kernel 18648x1x1 256,6,1.574,262.320,0.493
pfl_rms_rows_kernel 2048x1x1 256,117,3.658,31.265,0.458
pfl_rms_rows_kernel 24576x1x1 256,108,33.847,313.400,0.492
pfl_rms_rows_kernel 3108x1x1 256,6,0.237,39.438,0.312
pfl_rms_rows_kernel 4096x1x1 256,108,4.988,46.186,0.303
pfl_rope_kernel 1554x1x1 32,6,0.180,30.014,0.409
pfl_rope_kernel 18648x1x1 32,6,1.348,224.743,0.368
pfl_rope_kernel 2048x1x1 32,117,3.905,33.379,0.408
pfl_rope_kernel 24576x1x1 32,108,26.993,249.931,0.333
pfl_rope_kernel 3108x1x1 32,6,0.244,40.618,0.312
pfl_rope_kernel 4096x1x1 32,108,5.220,48.338,0.306
pfl_route_kernel 128x1x1 256,432,39.010,90.301,0.330
pfl_route_kernel 98x1x1 256,26,1.869,71.867,0.361
pfl_split_q_kernel 18648x1x1 256,6,0.911,151.875,0.466
pfl_split_q_kernel 24576x1x1 256,108,25.598,237.022,0.461
pfl_swiglu_il_kernel 19425x1x1 256,25,6.945,277.780,0.798
pfl_swiglu_il_kernel 25600x1x1 256,432,151.159,349.905,0.820
pfl_swiglu_pair_kernel 1943x1x1 256,26,0.797,30.651,0.425
pfl_swiglu_pair_kernel 2560x1x1 256,432,16.274,37.671,0.388
pfl_to_bf16_kernel 4096x1x1 256,10,0.609,60.862,0.421
pfl_to_f16_kernel 4096x1x1 256,18,4.447,247.062,0.410
prompt_attn_reg_m0 1024x2x1 256,108,6235.846,57739.314,0.348
prompt_attn_reg_m0 777x2x1 256,6,321.170,53528.319,0.389
