kernel,category,ms,count
pfl_gemm2_f16,dense_gemm,7454.079,2898
native_gemm2_gu_22_r16,expert_gemm,6267.961,318
prompt_attn_reg_m0,attention,4749.327,114
native_gemm2_down_42_r16,expert_gemm,4475.964999999999,454
pfl_gemm2_bf16,dense_gemm,3869.626,4618
native_gemm2_gu_16_r16,expert_gemm,2065.97,107
dequant_kernel,dequant,1257.2839999999999,2474
pfl_gdn_rec_cols_pipe_kernel,gdn_recurrence,1010.171,344
native_gemm2_gu_29_r16,expert_gemm,658.785,29
pfl_gather_rows16_kernel,other,542.869,457
dequant_flat_kernel_f16,dequant,265.80600000000004,424
pfl_gr_mix_r_kernel,other,250.953,925
pfl_gr_write_norm_rs_kernel,other,243.5,896
block_scores_kernel,other,194.077,456
pfl_moe_combine_kernel,other,146.87,457
pfl_swiglu_il_kernel,other,117.94999999999999,457
memset8_kernel,other,95.236,136
pfl_gdn_conv_tiled_kernel,other,87.804,344
pfl_gdn_out_norm_kernel,other,76.207,344
native_gemm2_gu_22_r32,expert_gemm,56.17,3
pfl_rms_rows_kernel,other,38.714,369
pfl_route_kernel,other,29.681,458
block_topk_scan_kernel,other,29.144000000000002,456
native_gemm2_down_42_r32,expert_gemm,28.265,3
pfl_gate_attn_kernel,other,28.212,114
pfl_rope_kernel,other,27.533,351
pfl_gdn_l2_kernel,other,27.116,344
pfl_kv_append_kernel,other,25.71,123
pfl_split_q_kernel,other,15.426,114
pfl_swiglu_pair_kernel,other,13.377,458
pfl_gr_silu_kernel,other,12.83,925
pfl_gr_write_kernel,other,8.552999999999999,19
nple_rms_rep_kernel,other,6.834,30
pfl_copy_i32_kernel,other,6.739,1372
nple_conv_residual_batch_kernel,other,6.288,10
pfl_gr_norm_rs_kernel,other,5.773000000000001,29
pfl_to_f16_kernel,other,4.01,18
add_streams_broadcast_kernel,other,3.811,9
pfl_gdn_gates_kernel,other,2.585,344
pfl_gr_broadcast_kernel,other,2.14,10
nple_gate_kernel,other,1.9889999999999999,10
nqsi_append_blocks_kernel,other,1.937,114
nple_broadcast_batch_kernel,other,1.78,10
pfl_gdn_conv_hist_kernel,other,1.669,344
nqsi_append_tail_kernel,other,0.772,114
embed_rows_kernel,other,0.663,19
pfl_to_bf16_kernel,other,0.592,10
nqsi_append_first_kernel,other,0.12,12
nple_history_batch_kernel,other,0.062,10
